frame_id,object_index,angle_deg,iou,passed,status
000004,0,0,0.98007936021669506,True,ok
000004,1,0,0.97965794299786879,True,ok
000008,4,0,0.9648126354806893,True,ok
000008,5,0,0.97110963316371857,True,ok
000010,1,0,0.97300937842127277,True,ok
000010,3,0,0.96653451710688709,True,ok
000010,5,0,0.97369299478351157,True,ok
000011,2,0,0.96224868960429943,True,ok
000016,2,0,0.96021897878905127,True,ok
000016,4,0,0.9752310914029001,True,ok
000049,0,0,0.97182259385972281,True,ok
000049,1,0,0.97020375687028693,True,ok
000004,0,1,0.61839630318747008,False,ok
000004,1,1,0.48968921510835461,False,ok
000008,4,1,0.56803419642791719,False,ok
000008,5,1,0.63639887903795689,False,ok
000010,1,1,0.85148275797092576,True,ok
000010,3,1,0.74225022521642015,True,ok
000010,5,1,0.69842857116998069,False,ok
000011,2,1,0.62506368866503736,False,ok
000016,2,1,0.5674464708975947,False,ok
000016,4,1,0.43335824794546851,False,ok
000049,0,1,0.64185095445401286,False,ok
000049,1,1,0.84688609551365712,True,ok
000004,0,2,0.36367457036954487,False,ok
000004,1,2,0.18976228222423747,False,ok
000008,4,2,0.30535030058551771,False,ok
000008,5,2,0.39651850710711478,False,ok
000010,1,2,0.74354424979315448,True,ok
000010,3,2,0.55780671863205267,False,ok
000010,5,2,0.49053720789071065,False,ok
000011,2,2,0.38479159843581212,False,ok
000016,2,2,0.30333297119943126,False,ok
000016,4,2,0.12102285601474899,False,ok
000049,0,2,0.40671602862607142,False,ok
000049,1,2,0.73390907191984933,True,ok
000004,0,3,0.18032839348340021,False,ok
000004,1,3,0,False,ok
000008,4,3,0.11874306954700763,False,ok
000008,5,3,0.21934198104679523,False,ok
000010,1,3,0.64712013683052394,False,ok
000010,3,3,0.40975249206709402,False,ok
000010,5,3,0.32809178211749457,False,ok
000011,2,3,0.20606001093257584,False,ok
000016,2,3,0.1159661784638038,False,ok
000016,4,3,0,False,ok
000049,0,3,0.23080046522789011,False,ok
000049,1,3,0.63337789855390192,False,ok
